{
  "produits": [
    {
      "id": "FLP-001",
      "category": "Flipper Zero",
      "name": "Flipper Zero",
      "description": "Multi-outil portable pour RFID (125 kHz/13.56 MHz), sous-GHz, IR et émulation iButton",
      "price": 219.00,
      "image": "flipper-zero.webp",
      "features": [
        "Clonage RFID 125 kHz/13.56 MHz",
        "Émulation iButton",
        "Connectivité Bluetooth"
      ],
      "stock": 15
    },
    {
      "id": "FLP-002",
      "category": "Flipper Zero",
      "name": "Étui en silicone",
      "description": "Protection anti-chocs pour Flipper Zero",
      "price": 15.00,
      "image": "flipper-case.webp",
      "features": [
        "Silicone durable",
        "Accès aux ports"
      ],
      "stock": 42
    },
    {
      "id": "RPI-001",
      "category": "Raspberry Pi",
      "name": "Raspberry Pi 5 8Go",
      "description": "Carte SBC avec support NVMe via HAT",
      "price": 89.90,
      "image": "raspberry-pi5.webp",
      "features": [
        "CPU Broadcom BCM2712 quad-core",
        "Wi-Fi 6/Bluetooth 5.0",
        "Ports USB 3.0"
      ],
      "stock": 23
    },
    {
      "id": "WFP-001",
      "category": "WiFi Pineapple",
      "name": "WiFi Pineapple Mark VII",
      "description": "Plateforme de pentest WiFi avec UI Web",
      "price": 299.99,
      "image": "wifi-pineapple.webp",
      "features": [
        "Dual-band 2.4/5 GHz",
        "Cloud C2 intégré",
        "Suite d'outils Hak5"
      ],
      "stock": 8
    },
    {
      "id": "NVM-001",
      "category": "NVMe Enclosures",
      "name": "Sabrent EC-SNVE",
      "description": "Boîtier NVMe USB-C 10 Gbps",
      "price": 34.99,
      "image": "sabrent-enclosure.webp",
      "features": [
        "Support M.2 2230-2280",
        "Transferts 10 Gbps",
        "Dissipation thermique"
      ],
      "stock": 17
    },
    {
      "id": "PRX-001",
      "category": "RFID Tools",
      "name": "Proxmark 3 RDv4.01",
      "description": "Kit complet de recherche RFID",
      "price": 379.00,
      "image": "proxmark3.webp",
      "features": [
        "Support LF/HF (125kHz-13.56MHz)",
        "Firmware Iceman",
        "Antenne HF incluse"
      ],
      "stock": 5
    },
    {
      "id": "ACC-001",
      "category": "Accessoires",
      "name": "MicroSD 128Go UHS-I",
      "description": "Carte haute vitesse pour appareils embarqués",
      "price": 24.99,
      "image": "microsd.webp",
      "features": [
        "Classe A1/V30",
        "Adaptée Raspberry Pi/Flipper"
      ],
      "stock": 89
    },
    {
      "id": "ACC-002",
      "category": "Accessoires",
      "name": "Power Bank 10 000mAh PD",
      "description": "Alimentation portable pour pentest",
      "price": 49.90,
      "image": "powerbank.webp",
      "features": [
        "2×USB-A + USB-C PD",
        "Charge rapide 18W"
      ],
      "stock": 32
    }
  ]
}