{
  "scanResults": {
    "id": "scan-12345",
    "timestamp": "2023-11-15T14:32:45Z",
    "status": "completed",
    "summary": {
      "totalVulnerabilities": 12,
      "criticalCount": 2,
      "highCount": 4,
      "mediumCount": 3,
      "lowCount": 3,
      "categories": {
        "networkSecurity": 3,
        "applicationSecurity": 5,
        "configurationIssues": 4
      }
    },
    "vulnerabilities": [
      {
        "id": "THV-2023-001",
        "name": "SQL Injection Vulnerability",
        "description": "Une vulnérabilité d'injection SQL a été détectée dans le module d'authentification qui pourrait permettre à un attaquant d'exécuter des commandes SQL arbitraires.",
        "severity": "critical",
        "category": "applicationSecurity",
        "affectedComponents": ["auth-service", "user-db"],
        "exploitability": "high",
        "remediationSteps": [
          "Utiliser des requêtes préparées pour toutes les interactions avec la base de données",
          "Implémenter une validation stricte des entrées utilisateur",
          "Limiter les privilèges du compte de service de base de données"
        ],
        "references": [
          {
            "title": "OWASP Top 10 - Injection",
            "url": "https://owasp.org/Top10/A03_2021-Injection/"
          }
        ]
      },
      {
        "id": "THV-2023-002",
        "name": "Configuration TLS obsolète",
        "description": "Le serveur est configuré pour utiliser des protocoles TLS obsolètes (TLS 1.0/1.1) et des suites de chiffrement faibles qui sont vulnérables aux attaques.",
        "severity": "high",
        "category": "configurationIssues",
        "affectedComponents": ["web-server"],
        "exploitability": "medium",
        "remediationSteps": [
          "Désactiver TLS 1.0 et 1.1",
          "Configurer uniquement les suites de chiffrement fortes",
          "Activer la fonctionnalité HSTS"
        ],
        "references": [
          {
            "title": "Guide de configuration TLS sécurisée",
            "url": "https://cheatsheetseries.owasp.org/cheatsheets/TLS_Cipher_String_Cheat_Sheet.html"
          }
        ]
      },
      {
        "id": "THV-2023-003",
        "name": "Exposition de données sensibles",
        "description": "Des informations sensibles comme des clés API et des identifiants ont été exposées dans des fichiers de configuration non sécurisés.",
        "severity": "critical",
        "category": "configurationIssues",
        "affectedComponents": ["config-service"],
        "exploitability": "high",
        "remediationSteps": [
          "Déplacer toutes les informations d'identification vers un coffre-fort de secrets sécurisé",
          "Implémenter une rotation régulière des secrets",
          "Supprimer les secrets hardcodés du code source"
        ],
        "references": [
          {
            "title": "OWASP Top 10 - Exposition de données sensibles",
            "url": "https://owasp.org/Top10/A02_2021-Cryptographic_Failures/"
          }
        ]
      },
      {
        "id": "THV-2023-004",
        "name": "Vulnérabilité XSS persistante",
        "description": "Une vulnérabilité XSS persistante a été identifiée dans le formulaire de commentaires, permettant l'exécution de code JavaScript malveillant.",
        "severity": "high",
        "category": "applicationSecurity",
        "affectedComponents": ["frontend-ui", "comment-service"],
        "exploitability": "medium",
        "remediationSteps": [
          "Implémenter un encodage HTML approprié pour toutes les sorties utilisateur",
          "Utiliser une politique CSP stricte",
          "Valider et assainir toutes les entrées utilisateur"
        ],
        "references": [
          {
            "title": "OWASP XSS Prevention Cheat Sheet",
            "url": "https://cheatsheetseries.owasp.org/cheatsheets/Cross_Site_Scripting_Prevention_Cheat_Sheet.html"
          }
        ]
      },
      {
        "id": "THV-2023-005",
        "name": "Port non sécurisé ouvert",
        "description": "Le port 23 (Telnet) est ouvert et accessible depuis l'internet, offrant un canal de communication non chiffré.",
        "severity": "high",
        "category": "networkSecurity",
        "affectedComponents": ["network-infrastructure"],
        "exploitability": "high",
        "remediationSteps": [
          "Désactiver le service Telnet",
          "Utiliser SSH pour l'accès à distance",
          "Configurer correctement les règles de pare-feu"
        ],
        "references": [
          {
            "title": "Bonnes pratiques pour la sécurisation des services réseau",
            "url": "https://www.nist.gov/publications/guide-general-server-security"
          }
        ]
      }
    ]
  },
  "tools": [
    {
      "id": "network-scanner",
      "name": "ToolHack Network Scanner",
      "version": "2.3.1",
      "description": "Scanner de ports et de vulnérabilités réseau avancé"
    },
    {
      "id": "code-analyzer",
      "name": "ToolHack Code Analyzer",
      "version": "1.7.0",
      "description": "Outil d'analyse statique de code pour identifier les vulnérabilités de sécurité"
    },
    {
      "id": "config-auditor",
      "name": "ToolHack Config Auditor",
      "version": "3.0.2",
      "description": "Auditeur automatisé pour les configurations de serveurs et d'applications"
    }
  ],
  "recommendations": {
    "priorityActions": [
      "Résoudre immédiatement les vulnérabilités critiques d'injection SQL et d'exposition de données sensibles",
      "Mettre à jour la configuration TLS du serveur web dans les 7 jours",
      "Implémenter une politique de sécurité du contenu pour atténuer les risques XSS"
    ],
    "longTermStrategy": [
      "Établir un programme de gestion des vulnérabilités continu",
      "Mettre en place des tests de sécurité automatisés dans le pipeline CI/CD",
      "Former l'équipe de développement aux pratiques de codage sécurisé"
    ]
  },
  "complianceStatus": {
    "pci-dss": {
      "status": "non-conforme",
      "failedControls": ["1.2", "3.4", "6.5.1", "8.2.3"],
      "passedControls": ["2.1", "4.1", "5.1", "9.1.1", "10.2"]
    },
    "gdpr": {
      "status": "partiellement-conforme",
      "recommendations": [
        "Vérifier que toutes les données personnelles sont chiffrées au repos et en transit",
        "Documenter tous les processus de traitement des données"
      ]
    }
  }
}
